insert into buyer values
('0933558162', 'Chen Chi-hsiang', 'No. 64, Section 2, Xinguang Road, Wenshan District, Taipei City',
'chenchi@gmail.com', '3'),
('0912345678', 'Lin Xiaofang', 'No. 6, Lane 23, Jingfu Street, Zhonghe District, New Taipei City',
'linsmallfun@gmail.com', '1'),
('0987654321', 'Wang Daming', 'No. 88, Section 1, Minquan Road, West District, Taichung City',
'wangdaming@yahoo.com.tw', '0'),
('0922334455', 'Zhang Meiling', 'No. 52, Section 3, Changan Road, North District, Tainan City',
'zhangmeilin@gmail.com', '2'),
('0944667788', 'Li Chunyu', 'No. 117, Jianguo South Road, Sanmin District, Kaohsiung City',
'lispringrain@yahoo.com.tw', '4'),
('0977889920', 'Chen Wenhua', 'No. 25, Xinyi Road, Zhongshan District, Taichung City',
'chenwohau@yahoo.com.tw', '0'),
('0932112233', 'Lin Xiaoming', 'No. 42, Dongguang Road, East District, Taichung City',
'linsamllmin@yahoo.com.tw', '1'),
('0923445566', 'Zhang Yating', 'No. 98, Zhongzheng Road, Zuoying District, Kaohsiung City',
'zhangyating@gmail.com', '0'),
('0955778899', 'Wang Hongbin', 'No. 67, Wuquan West Road, North District, Taichung City',
'wanghongbin@gmail.com', '3'),
('0911223344', 'Li Jialing', 'No. 51, Section 2, Minzu Road, South District, Tainan City', 'ligialin@gmail.com',
'0'),
('0977889900', 'Huang Zhiming', 'No. 22, Minghua 1st Road, Zuoying District, Kaohsiung City',
'huangmin@yahoo.com.tw', '2'),
('0934667768', 'Lin Yizhen', 'No. 12, Zhonghua 5th Road, Kaohsiung City', 'linyireal@gmail.com', '1'),
('0923558899', 'Chen Junwei', 'No. 37, Section 1, Zhongshan Road, Tainan City',
'chenguwei@yahoo.com.tw', '0'),
('0955336611', 'Xu Mingzhu', '88 Civic Avenue, Taipei City', 'hsumin@yahoo.com.tw', '5'),
('0912445566', 'Zhang Weijie', 'No. 61, Section 2, Zhongshan Road, Taipei City', 'zhangwei@gmail.com', '0');
insert into store values
('Zhongxiao Store', '02-9834-7211', '07:00–21:00', 'No. 47, Minsheng West Road, Zhongshan District, Taipei
City'),
('Daan Store', '02-7756-3322', '08:00–22:00', 'No. 89, Section 4, Renai Road, Daan District, Taipei City'),
('Xinyi Store', '02-8866-5544', '07:00–20:00', 'No. 99, Section 5, Zhongxiao East Road, Xinyi District, Taipei
City'),
('Zhongshan Store', '02-3344-1122', '09:00–19:00', 'No. 123, Section 2, Zhongshan North Road, Zhongshan
District, Taipei City'),
('Songshan Store', '02-9988-7766', '07:00–22:00', 'No. 168, Dunhua North Road, Songshan District, Taipei
City'),
('Shinkuchan Store', '07-1234-5678', '09:00–21:00', 'No. 30, Xinjuejiang Street, Lingya District, Kaohsiung
City'),
('Nandu Store', '06-9876-5432', '08:00–20:00', 'No. 20, Nandu Street, West Central District, Tainan City'),
('Zhongxing Store', '04-5678-1234', '09:00–19:00', 'No. 45, Zhongxing Street, South District, Taichung City');
insert into `order` values
('10001', '0933558162', 'Completed', '2023-06-17 15:30:00'),
('10002', '0912345678', 'Cancelled', '2023-06-17 11:20:00'),
('10003', '0987654321', 'Completed', '2023-06-17 14:50:00'),
('10004', '0922334455', 'Completed', '2023-06-17 09:40:00'),
('10005', '0944667788', 'Completed', '2023-06-17 10:10:00'),
('10006', '0977889900', 'Completed', '2023-06-18 12:30:00'),
('10007', '0932112233', 'Completed', '2023-06-18 13:50:00'),
('10008', '0923445566', 'Cancelled', '2023-06-18 16:40:00'),
('10009', '0955778899', 'Completed', '2023-06-18 11:20:00'),
('10010', '0911223344', 'Cancelled', '2023-06-18 09:30:00'),
('10011', '0977889900', 'Cancelled', '2023-06-19 10:40:00'),
('10012', '0933558162', 'Completed', '2023-06-19 12:20:00'),
('10013', '0912345678', 'Cancelled', '2023-06-19 14:10:00'),
('10014', '0987654321', 'Completed', '2023-06-19 17:50:00'),
('10015', '0922334455', 'Completed', '2023-06-19 15:30:00'),
('10016', '0944667788', 'Order Accepted', '2023-06-20 10:40:00'),
('10017', '0977889900', 'Pending Order', '2023-06-20 13:00:00'),
('10018', '0932112233', 'Pending Order', '2023-06-20 16:20:00'),
('10019', '0923445566', 'Pending Order', '2023-06-20 14:40:00'),
('10020', '0955778899', 'Cancelled', '2023-06-20 11:50:00'),
('10021', '0911223344', 'Pending Order', '2023-06-20 13:10:00'),
('10022', '0977889900', 'Cancelled', '2023-06-20 15:30:00'),
('10023', '0933558162', 'Pending Order', '2023-06-20 16:50:00'),
('10024', '0912345678', 'Pending Order', '2023-06-20 11:20:00'),
('10025', '0987654321', 'Pending Order', '2023-06-20 14:40:00'),
('10026', '0922334455', 'Cancelled', '2023-06-20 11:50:00');
insert into leftover_product values
('Zhongxiao Store', '53927', '2023-06-20', 'Chocolate Bread', '3', '18', 'The bread contains rich chocolate
sauce, the skin is crispy and melts in your mouth'),
('Zhongxiao Store', '75326', '2023-06-07', 'French Bread', '6', '22', 'French classic, crispy on the outside and
soft on the inside, full of aroma, charming taste'),
('Zhongxiao Store', '94218', '2023-06-20', 'Red bean Bread', '8', '13', 'Red bean stuffing wrapped in soft
bread, bringing a sweet taste'),
('Zhongxiao Store', '21984', '2023-06-20', 'Grape Bread', '5', '17', 'The bread contains raisins for natural
sweetness and chewiness'),
('Zhongxiao Store', '49872', '2023-06-20', 'Cream Bread', '9', '16', 'The surface of the bread is sprinkled with
butter grains, bringing a rich milky aroma and crispy taste taste'),
('Zhongxiao Store', '62359', '2023-06-20', 'Cranberry Bread', '2', '19', 'The combination of sweet and sour
dried cranberry fruit and bread , rich taste'),
('Zhongxiao Store', '37192', '2023-06-20', 'Soufflé Bread', '7', '15', 'The bread is crispy on the outside, filled
with sweet soufflé filling, fragrant'),
('Zhongxiao Store', '78541', '2023-06-20', 'Matcha Bread', '4', '21', 'Matcha-flavored bread that melts in
your mouth, bringing a unique Japanese flavor'),
('Zhongxiao Store', '28649', '2023-06-20', 'Pineapple Bread', '1', '14', 'After baking, the surface is golden
yellow, with a concave and convex crispy skin like pineapple'),
('Zhongxiao Store', '53928', '2023-06-20', 'Grapefruit Bread', '0', '16', 'The bread contains grapefruit pulp,
and the fresh and sweet taste is refreshing Pleasure'),
('Zhongxiao Store', '98745', '2023-06-20', 'Cheese Bread', '0', '18', 'The bread contains rich cheese, which
combines salty and sweet taste, making the mouthwatering'),
('Daan Store', '75326', '2023-06-20', 'French Bread', '8', '22', 'French classic, crispy on the outside and soft
on the inside, full of aroma, charming taste'),
('Daan Store', '94218', '2023-06-20', 'Red bean Bread', '5', '13', 'Red bean paste is wrapped in soft bread,
bringing a sweet taste'),
('Daan Store', '21984', '2023-06-20', 'Grape Bread', '2', '17', 'Bread contains raisins for natural sweetness
and chewiness'),
('Daan Store', '49872', '2023-06-20', 'Cream Bread', '9', '16', 'The surface of the bread is sprinkled with
butter grains, bringing rich milky aroma and crispy taste taste'),
('Daan Store', '62359', '2023-06-20', 'Cranberry Bread', '6', '19', 'The combination of sweet and sour dried
cranberry fruit and bread , rich taste'),
('Daan Store', '37192', '2023-06-20', 'Soufflé Bread', '3', '15', 'The bread is crispy on the outside, filled with
sweet soufflé filling, with a tangy aroma'),
('Daan Store', '78541', '2023-06-20', 'Matcha Bread', '7', '21', 'Matcha-flavored bread that melts in your
mouth, bringing a unique Japanese flavor'),
('Daan Store', '53928', '2023-06-20', 'Grapefruit Bread', '4', '16', 'The bread contains grapefruit pulp, and
the fresh and sweet taste is refreshing Pleasure'),
('Daan Store', '98745', '2023-06-20', 'Cheese Bread', '10', '18', 'The bread contains rich cheese, which
combines salty and sweet taste, making the mouthwatering'),
('Daan Store', '28649', '2023-06-20', 'Pineapple Bread', '1', '14', 'After baking, the surface is golden yellow,
with a concave and convex crispy skin like pineapple'),
('Daan Store', '53927', '2023-06-20', 'Chocolate Bread', '0', '14', 'The bread contains rich chocolate sauce,
the skin is crispy and melts in your mouth '),
('Xinyi Store', '94218', '2023-06-20', 'Red bean Bread', '7', '13', 'Red bean stuffing wrapped in soft bread,
bringing a sweet taste'),
('Xinyi Store', '21984', '2023-06-20', 'Grape Bread', '2', '17', 'The bread contains raisins for natural sweetness
and chewiness'),
('Xinyi Store', '49872', '2023-06-20', 'Cream Bread', '6', '16', 'The surface of the bread is sprinkled with
butter grains, bringing rich milky aroma and crispy taste taste'),
('Xinyi Store', '62359', '2023-06-20', 'Cranberry Bread', '5', '19', 'The combination of sweet and sour dried
cranberry fruit and bread , rich taste'),
('Xinyi Store', '37192', '2023-06-20', 'Soufflé Bread', '8', '15', 'The bread is crispy on the outside, filled with
sweet soufflé filling, fragrant'),
('Xinyi Store', '78541', '2023-06-20', 'Matcha Bread', '3', '21', 'Matcha-flavored bread that melts in your
mouth, bringing a unique Japanese flavor'),
('Xinyi Store', '53928', '2023-06-20', 'Grapefruit Bread', '9', '16', 'The bread contains grapefruit pulp, the
fresh and sweet taste is refreshing Pleasure'),
('Xinyi Store', '98745', '2023-06-20', 'Cheese Bread', '4', '18', 'The bread contains rich cheese, which
combines salty and sweet taste, making the mouthwatering'),
('Xinyi Store', '28649', '2023-06-20', 'Pineapple Bread', '1', '14', 'After baking, the surface is golden yellow,
with concave and convex crispy skin like pineapple'),
('Xinyi Store', '75326', '2023-06-20', 'French Bread', '10', '22', 'French classic, crispy on the outside and soft
on the inside, full of aroma, charming taste'),
('Xinyi Store', '53927', '2023-06-20', 'Chocolate Bread', '0', '14', 'The bread contains rich chocolate sauce,
the skin is crispy and melts in your mouth'),
('Zhongshan Store', '21984', '2023-06-20', 'Grape Bread', '7', '17', 'The bread contains raisins for natural
sweetness and chewiness'),
('Zhongshan Store', '49872', '2023-06-20', 'Cream Bread', '4', '16', 'Sprinkle butter grains on the surface of
the bread, bringing rich milk flavor and crispy taste taste'),
('Zhongshan Store', '62359', '2023-06-20', 'Cranberry Bread', '8', '19', 'The combination of sweet and sour
dried cranberry fruit and bread , rich taste'),
('Zhongshan Store', '37192', '2023-06-20', 'Soufflé Bread', '5', '15', 'The bread is crispy on the outside, filled
with sweet soufflé filling, with a tangy aroma'),
('Zhongshan Store', '78541', '2023-06-20', 'Matcha Bread', '9', '21', 'Matcha-flavored bread that melts in
your mouth, bringing a unique Japanese flavor'),
('Zhongshan Store', '53928', '2023-06-20', 'Grapefruit Bread', '2', '16', 'The bread contains grapefruit pulp,
the fresh and sweet taste is refreshing Pleasure'),
('Zhongshan Store', '98745', '2023-06-20', 'Cheese Bread', '6', '18', 'The bread contains rich cheese, which
combines salty and sweet taste, making the mouthwatering'),
('Zhongshan Store', '28649', '2023-06-20', 'Pineapple Bread', '3', '14', 'The surface is golden yellow after
baking, and the crispy crust looks like a pineapple'),
('Zhongshan Store', '75326', '2023-06-20', 'French Bread', '10', '22', 'French classic, crispy on the outside
and soft on the inside, full of aroma, charming taste'),
('Zhongshan Store', '94218', '2023-06-20', 'Red bean Bread', '1', '13', 'Red bean stuffing wrapped in soft
bread, bringing a sweet taste'),
('Zhongshan Store', '53927', '2023-06-20', 'Chocolate Bread', '0', '14', 'The bread contains rich chocolate
sauce, the skin is crispy and melts in your mouth'),
('Songshan Store', '49872', '2023-06-20', 'Cream Bread', '3', '16', 'The surface of the bread is sprinkled with
butter grains, bringing rich milky aroma and crispy taste taste'),
('Songshan Store', '62359', '2023-06-20', 'Cranberry Bread', '10', '19', 'The combination of sweet and sour
dried cranberry fruit and bread , rich taste'),
('Songshan Store', '37192', '2023-06-20', 'Soufflé Bread', '7', '15', 'The bread is crispy on the outside, filled
with sweet soufflé filling, fragrant'),
('Songshan Store', '78541', '2023-06-20', 'Matcha Bread', '4', '21', 'Matcha-flavored bread that melts in your
mouth, bringing a unique Japanese flavor'),
('Songshan Store', '53928', '2023-06-20', 'Grapefruit Bread', '2', '16', 'The bread contains grapefruit pulp,
and the fresh and sweet taste is refreshing Pleasure'),
('Songshan Store', '98745', '2023-06-20', 'Cheese Bread', '8', '18', 'The bread contains rich cheese, which
combines salty and sweet taste, making the mouthwatering'),
('Songshan Store', '28649', '2023-06-20', 'Pineapple Bread', '5', '14', 'The surface is golden yellow after
baking, and the crispy crust looks like a pineapple'),
('Songshan Store', '75326', '2023-06-20', 'French Bread', '9', '22', 'French classic, crispy on the outside and
soft on the inside, full of aroma, charming taste'),
('Songshan Store', '94218', '2023-06-20', 'Red Bean Bread', '1', '13', 'Red bean filling wrapped in soft bread
brings a sweet taste') ,
('Songshan Store', '21984', '2023-06-20', 'Grape Bread', '6', '17', 'Bread contains raisins for natural
sweetness and chewiness'),
('Songshan Store', '53927', '2023-06-20', 'Chocolate Bread', '0', '14', 'The bread contains rich chocolate
sauce, the skin is crispy and melts in your mouth'),
('Shinkuchan Store', '62359', '2023-06-20', 'Cranberry Bread', '6', '19', 'The combination of sweet and sour
dried cranberry fruit and bread, rich taste'),
('Shinkuchan Store', '37192', '2023-06-20', 'Soufflé Bread', '2', '15', 'The bread is crispy on the outside, filled
with sweet soufflé filling, fragrant'),
('Shinkuchan Store', '78541', '2023-06-20', 'Matcha Bread', '9', '21', 'Matcha-flavored bread that melts in
your mouth, bringing a unique Japanese flavor'),
('Shinkuchan Store', '53928', '2023-06-20', 'Grapefruit Bread', '7', '16', 'The bread contains grapefruit pulp,
and the fresh and sweet taste is refreshing Pleasure'),
('Shinkuchan Store', '98745', '2023-06-20', 'Cheese Bread', '3', '18', 'The bread contains rich cheese, which
combines salty and sweet taste, so that mouthwatering'),
('Shinkuchan Store', '28649', '2023-06-20', 'Pineapple Bread', '4', '14', 'The surface is golden yellow after
baking, and the crispy crust looks like a pineapple'),
('Shinkuchan Store', '75326', '2023-06-20', 'French Bread', '5', '22', 'French classic, crispy on the outside and
soft on the inside, full of aroma, charming taste'),
('Shinkuchan Store', '94218', '2023-06-20', 'Red Bean Bread', '1', '13', 'Adzuki bean paste is wrapped in soft
bread, bringing a sweet taste') ,
('Shinkuchan Store', '21984', '2023-06-20', 'Grape Bread', '10', '17', 'Bread contains raisins for natural
sweetness and chewiness'),
('Shinkuchan Store', '49872', '2023-06-20', 'Cream Bread', '8', '16', 'The surface of the bread is sprinkled
with butter grains, bringing rich milky aroma and crispy taste taste'),
('Shinkuchan Store', '53927', '2023-06-20', 'Chocolate Bread', '0', '14', 'The bread contains rich chocolate
sauce, the skin is crispy and melts in your mouth'),
('Nandu Store', '37192', '2023-06-20', 'Soufflé Bread', '5', '15', 'The bread is crispy on the outside, filled with
sweet soufflé filling, fragrant'),
('Nandu Store', '78541', '2023-06-20', 'Matcha Bread', '10', '21', 'Matcha-flavored bread that melts in your
mouth, bringing a unique Japanese flavor'),
('Nandu Store', '53928', '2023-06-20', 'Grapefruit Bread', '2', '16', 'The bread contains grapefruit pulp, the
fresh and sweet taste is refreshing Pleasure'),
('Nandu Store', '98745', '2023-06-20', 'Cheese Bread', '4', '18', 'The bread contains rich cheese, which
combines salty and sweet taste, making the mouthwatering'),
('Nandu Store', '28649', '2023-06-20', 'Pineapple Bread', '8', '14', 'After baking, the surface is golden yellow,
with concave and convex crispy skin like pineapple'),
('Nandu Store', '75326', '2023-06-20', 'French Bread', '3', '22', 'French classic, crispy on the outside and soft
on the inside, full of aroma, charming taste'),
('Nandu Store', '94218', '2023-06-20', 'Red bean Bread', '6', '13', 'Red bean paste wrapped in soft bread,
bringing a sweet taste'),
('Nandu Store', '21984', '2023-06-20', 'Grape Bread', '1', '17', 'Bread contains raisins for natural sweetness
and chewiness'),
('Nandu Store', '49872', '2023-06-20', 'Cream Bread', '7', '16', 'The surface of the bread is sprinkled with
butter grains, bringing a rich milky aroma and crispy taste taste'),
('Nandu Store', '62359', '2023-06-20', 'Cranberry Bread', '9', '19', 'The combination of sweet and sour dried
cranberry fruit and bread, rich taste'),
('Nandu Store', '53927', '2023-06-20', 'Chocolate Bread', '0', '14', 'The bread contains rich chocolate sauce,
the skin is crispy and melts in your mouth'),
('Zhongxing Store', '37192', '2023-06-20', 'Soufflé Bread', '1', '15', 'The bread is crispy on the outside, filled
with sweet soufflé filling, fragrant'),
('Zhongxing Store', '78541', '2023-06-20', 'Matcha Bread', '3', '21', 'Matcha-flavored bread that melts in
your mouth, bringing a unique Japanese flavor'),
('Zhongxing Store', '53928', '2023-06-20', 'Grapefruit Bread', '2', '16', 'The bread contains grapefruit pulp,
the fresh and sweet taste is refreshing Pleasure'),
('Zhongxing Store', '98745', '2023-06-20', 'Cheese Bread', '3', '18', 'The bread contains rich cheese, which
combines salty and sweet taste, making the mouthwatering'),
('Zhongxing Store', '28649', '2023-06-20', 'Pineapple Bread', '1', '14', 'After baking, the surface is golden
yellow, with concave and convex crispy skin like pineapple'),
('Zhongxing Store', '75326', '2023-06-20', 'French Bread', '0', '22', 'French classic, crispy on the outside and
soft on the inside, full of aroma, charming taste'),
('Zhongxing Store', '94218', '2023-06-20', 'Red bean Bread', '3', '13', 'Red bean paste wrapped in soft bread,
bringing a sweet taste'),
('Zhongxing Store', '21984', '2023-06-20', 'Grape Bread', '4', '17', 'Bread contains raisins for natural
sweetness and chewiness'),
('Zhongxing Store', '49872', '2023-06-20', 'Cream Bread', '1', '16', 'The surface of the bread is sprinkled with
butter grains, bringing a rich milky aroma and crispy taste taste'),
('Zhongxing Store', '62359', '2023-06-20', 'Cranberry Bread', '2', '19', 'The combination of sweet and sour
dried cranberry fruit and bread, rich taste'),
('Zhongxing Store', '53927', '2023-06-20', 'Chocolate Bread', '0', '14', 'The bread contains rich chocolate
sauce, the skin is crispy and melts in your mouth');
insert into `order_item` values
('10001', 'Daan Store', '98745', '18','1'),
('10001', 'Daan Store', '75326', '22','1'),
('10012', 'Songshan Store','78541', '42','2'),
('10023', 'Daan Store', '98745', '18','1'),
('10023', 'Daan Store', '78541', '21','1'),
('10002', 'Xinyi Store', '98745', '18','1'),
('10013', 'Xinyi Store', '94218', '13','1'),
('10013', 'Xinyi Store', '49872', '32','2'),
('10024', 'Zhongshan Store', '49872', '48','3'),
('10003', 'Zhongxing Store', '37192', '15','1'),
('10014', 'Zhongxing Store', '62359', '19' ,'1'),
('10025', 'Zhongxing Store', '37192', '30' ,'2'),
('10004', 'Nandu Store', '28649', '28' ,'2'),
('10015', 'Nandu Store', '78541', '42' ,'2'),
('10026', 'Nandu Store', '62359', '19' ,'1'),
('10026', 'Nandu Store', '37192', '15' ,'1'),
('10005', 'Shinkuchan Store', '98745', '18','1'),
('10005', 'Shinkuchan Store', '62359', '19','1'),
('10005', 'Shinkuchan Store', '94218', '26','2'),
('10016', 'Shinkuchan Store', '62359', '19','1'),
('10006', 'Shinkuchan Store', '94218', '26','2'),
('10017', 'Shinkuchan Store', '21984', '17','1'),
('10011', 'Shinkuchan Store', '37192', '45','3'),
('10022', 'Shinkuchan Store', '98745' , '18','1'),
('10007', 'Zhongxing Store', '28649', '42' ,'3'),
('10018', 'Zhongxing Store', '94218', '26','2'),
('10018', 'Zhongxing Store', '78541', '63','3'),
('10008', 'Shinkuchan Store', '53928', '16', '1'),
('10019', 'Shinkuchan Store', '75326', '22', '1'),
('10009', 'Zhongxing Store', '28649', '14', '1'),
('10020', 'Zhongxing Store', '21984', '34', '2'),
('10010', 'Nandu Store', '78541', '21', '1'),
('10021', 'Nandu Store', '28649', '14', '1');
insert into leftover_history values
('Zhongxiao Store', '53927', '2023-06-17 21:00', '2'),
('Zhongxiao Store', '75326', '2023-06-17 21:00', '0'),
('Zhongxiao Store', '94218', '2023-06-17 21:00', '0'),
('Zhongxiao Store', '21984', '2023-06-17 21:00', '0'),
('Zhongxiao Store', '49872', '2023-06-17 21:00', '0'),
('Zhongxiao Store', '62359', '2023-06-17 21:00', '0'),
('Zhongxiao Store', '37192', '2023-06-17 21:00', '5'),
('Zhongxiao Store', '28649', '2023-06-17 21:00', '1'),
('Zhongxiao Store', '53928', '2023-06-17 21:00', '0'),
('Zhongxiao Store', '98745', '2023-06-17 21:00', '0'),
('Zhongxiao Store', '78541', '2023-06-17 21:00', '3'),
('Zhongxiao Store', '53927', '2023-06-18 21:00', '0'),
('Zhongxiao Store', '75326', '2023-06-18 21:00', '1'),
('Zhongxiao Store', '94218', '2023-06-18 21:00', '0'),
('Zhongxiao Store', '21984', '2023-06-18 21:00', '0'),
('Zhongxiao Store', '49872', '2023-06-18 21:00', '0'),
('Zhongxiao Store', '62359', '2023-06-18 21:00', '0'),
('Zhongxiao Store', '37192', '2023-06-18 21:00', '0'),
('Zhongxiao Store', '28649', '2023-06-18 21:00', '3'),
('Zhongxiao Store', '53928', '2023-06-18 21:00', '0'),
('Zhongxiao Store', '98745', '2023-06-18 21:00', '0'),
('Zhongxiao Store', '78541', '2023-06-18 21:00', '2'),
('Zhongxiao Store', '53927', '2023-06-19 21:00', '0'),
('Zhongxiao Store', '75326', '2023-06-19 21:00', '1'),
('Zhongxiao Store', '94218', '2023-06-19 21:00', '0'),
('Zhongxiao Store', '21984', '2023-06-19 21:00', '0'),
('Zhongxiao Store', '49872', '2023-06-19 21:00', '0'),
('Zhongxiao Store', '62359', '2023-06-19 21:00', '0'),
('Zhongxiao Store', '37192', '2023-06-19 21:00', '0'),
('Zhongxiao Store', '28649', '2023-06-19 21:00', '3'),
('Zhongxiao Store', '53928', '2023-06-19 21:00', '0'),
('Zhongxiao Store', '98745', '2023-06-19 21:00', '0'),
('Zhongxiao Store', '78541', '2023-06-19 21:00', '2'),
('Daan Store', '53927', '2023-06-17 22:00', '0'),
('Daan Store', '75326', '2023-06-17 22:00', '1'),
('Daan Store', '94218', '2023-06-17 22:00', '4'),
('Daan Store', '21984', '2023-06-17 22:00', '0'),
('Daan Store', '49872', '2023-06-17 22:00', '0'),
('Daan Store', '62359', '2023-06-17 22:00', '0'),
('Daan Store', '37192', '2023-06-17 22:00', '1'),
('Daan Store', '28649', '2023-06-17 22:00', '1'),
('Daan Store', '53928', '2023-06-17 22:00', '0'),
('Daan Store', '98745', '2023-06-17 22:00', '0'),
('Daan Store', '78541', '2023-06-17 22:00', '3'),
('Daan Store', '53927', '2023-06-18 22:00', '0'),
('Daan Store', '75326', '2023-06-18 22:00', '1'),
('Daan Store', '94218', '2023-06-18 22:00', '0'),
('Daan Store', '21984', '2023-06-18 22:00', '0'),
('Daan Store', '49872', '2023-06-18 22:00', '0'),
('Daan Store', '62359', '2023-06-18 22:00', '0'),
('Daan Store', '37192', '2023-06-18 22:00', '0'),
('Daan Store', '28649', '2023-06-18 22:00', '0'),
('Daan Store', '53928', '2023-06-18 22:00', '0'),
('Daan Store', '98745', '2023-06-18 22:00', '0'),
('Daan Store', '78541', '2023-06-18 22:00', '2'),
('Daan Store', '53927', '2023-06-19 22:00', '1'),
('Daan Store', '75326', '2023-06-19 22:00', '1'),
('Daan Store', '94218', '2023-06-19 22:00', '0'),
('Daan Store', '21984', '2023-06-19 22:00', '0'),
('Daan Store', '49872', '2023-06-19 22:00', '0'),
('Daan Store', '62359', '2023-06-19 22:00', '1'),
('Daan Store', '37192', '2023-06-19 22:00', '0'),
('Daan Store', '28649', '2023-06-19 22:00', '0'),
('Daan Store', '53928', '2023-06-19 22:00', '0'),
('Daan Store', '98745', '2023-06-19 22:00', '0'),
('Daan Store', '78541', '2023-06-19 22:00', '0'),
('Xinyi Store', '53927', '2023-06-17 20:00', '2'),
('Xinyi Store', '75326', '2023-06-17 20:00', '0'),
('Xinyi Store', '94218', '2023-06-17 20:00', '0'),
('Xinyi Store', '21984', '2023-06-17 20:00', '0'),
('Xinyi Store', '49872', '2023-06-17 20:00', '0'),
('Xinyi Store', '62359', '2023-06-17 20:00', '0'),
('Xinyi Store', '37192', '2023-06-17 20:00', '5'),
('Xinyi Store', '28649', '2023-06-17 20:00', '1'),
('Xinyi Store', '53928', '2023-06-17 20:00', '0'),
('Xinyi Store', '98745', '2023-06-17 20:00', '0'),
('Xinyi Store', '78541', '2023-06-17 20:00', '3'),
('Xinyi Store', '53927', '2023-06-18 20:00', '0'),
('Xinyi Store', '75326', '2023-06-18 20:00', '1'),
('Xinyi Store', '94218', '2023-06-18 20:00', '0'),
('Xinyi Store', '21984', '2023-06-18 20:00', '0'),
('Xinyi Store', '49872', '2023-06-18 20:00', '0'),
('Xinyi Store', '62359', '2023-06-18 20:00', '0'),
('Xinyi Store', '37192', '2023-06-18 20:00', '1'),
('Xinyi Store', '28649', '2023-06-18 20:00', '0'),
('Xinyi Store', '53928', '2023-06-18 20:00', '0'),
('Xinyi Store', '98745', '2023-06-18 20:00', '0'),
('Xinyi Store', '78541', '2023-06-18 20:00', '2'),
('Xinyi Store', '53927', '2023-06-19 20:00', '0'),
('Xinyi Store', '75326', '2023-06-19 20:00', '1'),
('Xinyi Store', '94218', '2023-06-19 20:00', '0'),
('Xinyi Store', '21984', '2023-06-19 20:00', '3'),
('Xinyi Store', '49872', '2023-06-19 20:00', '0'),
('Xinyi Store', '62359', '2023-06-19 20:00', '1'),
('Xinyi Store', '37192', '2023-06-19 20:00', '0'),
('Xinyi Store', '28649', '2023-06-19 20:00', '0'),
('Xinyi Store', '53928', '2023-06-19 20:00', '1'),
('Xinyi Store', '98745', '2023-06-19 20:00', '1'),
('Xinyi Store', '78541', '2023-06-19 20:00', '2'),
('Zhongshan Store', '53927', '2023-06-17 19:00', '1'),
('Zhongshan Store', '75326', '2023-06-17 19:00', '1'),
('Zhongshan Store', '94218', '2023-06-17 19:00', '0'),
('Zhongshan Store', '21984', '2023-06-17 19:00', '1'),
('Zhongshan Store', '49872', '2023-06-17 19:00', '0'),
('Zhongshan Store', '62359', '2023-06-17 19:00', '0'),
('Zhongshan Store', '37192', '2023-06-17 19:00', '3'),
('Zhongshan Store', '28649', '2023-06-17 19:00', '0'),
('Zhongshan Store', '53928', '2023-06-17 19:00', '0'),
('Zhongshan Store', '98745', '2023-06-17 19:00', '2'),
('Zhongshan Store', '78541', '2023-06-17 19:00', '0'),
('Zhongshan Store', '53927', '2023-06-18 19:00', '0'),
('Zhongshan Store', '75326', '2023-06-18 19:00', '1'),
('Zhongshan Store', '94218', '2023-06-18 19:00', '0'),
('Zhongshan Store', '21984', '2023-06-18 19:00', '0'),
('Zhongshan Store', '49872', '2023-06-18 19:00', '0'),
('Zhongshan Store', '62359', '2023-06-18 19:00', '0'),
('Zhongshan Store', '37192', '2023-06-18 19:00', '0'),
('Zhongshan Store', '28649', '2023-06-18 19:00', '3'),
('Zhongshan Store', '53928', '2023-06-18 19:00', '0'),
('Zhongshan Store', '98745', '2023-06-18 19:00', '0'),
('Zhongshan Store', '78541', '2023-06-18 19:00', '2'),
('Zhongshan Store', '53927', '2023-06-19 19:00', '0'),
('Zhongshan Store', '75326', '2023-06-19 19:00', '1'),
('Zhongshan Store', '94218', '2023-06-19 19:00', '0'),
('Zhongshan Store', '21984', '2023-06-19 19:00', '0'),
('Zhongshan Store', '49872', '2023-06-19 19:00', '0'),
('Zhongshan Store', '62359', '2023-06-19 19:00', '0'),
('Zhongshan Store', '37192', '2023-06-19 19:00', '0'),
('Zhongshan Store', '28649', '2023-06-19 19:00', '3'),
('Zhongshan Store', '53928', '2023-06-19 19:00', '0'),
('Zhongshan Store', '98745', '2023-06-19 19:00', '0'),
('Zhongshan Store', '78541', '2023-06-19 19:00', '2'),
('Songshan Store', '53927', '2023-06-17 22:00', '0'),
('Songshan Store', '75326', '2023-06-17 22:00', '1'),
('Songshan Store', '94218', '2023-06-17 22:00', '4'),
('Songshan Store', '21984', '2023-06-17 22:00', '0'),
('Songshan Store', '49872', '2023-06-17 22:00', '0'),
('Songshan Store', '62359', '2023-06-17 22:00', '0'),
('Songshan Store', '37192', '2023-06-17 22:00', '1'),
('Songshan Store', '28649', '2023-06-17 22:00', '1'),
('Songshan Store', '53928', '2023-06-17 22:00', '0'),
('Songshan Store', '98745', '2023-06-17 22:00', '0'),
('Songshan Store', '78541', '2023-06-17 22:00', '3'),
('Songshan Store', '53927', '2023-06-18 22:00', '0'),
('Songshan Store', '75326', '2023-06-18 22:00', '1'),
('Songshan Store', '94218', '2023-06-18 22:00', '0'),
('Songshan Store', '21984', '2023-06-18 22:00', '0'),
('Songshan Store', '49872', '2023-06-18 22:00', '0'),
('Songshan Store', '62359', '2023-06-18 22:00', '0'),
('Songshan Store', '37192', '2023-06-18 22:00', '0'),
('Songshan Store', '28649', '2023-06-18 22:00', '0'),
('Songshan Store', '53928', '2023-06-18 22:00', '0'),
('Songshan Store', '98745', '2023-06-18 22:00', '0'),
('Songshan Store', '78541', '2023-06-18 22:00', '2'),
('Songshan Store', '53927', '2023-06-19 22:00', '1'),
('Songshan Store', '75326', '2023-06-19 22:00', '1'),
('Songshan Store', '94218', '2023-06-19 22:00', '0'),
('Songshan Store', '21984', '2023-06-19 22:00', '0'),
('Songshan Store', '49872', '2023-06-19 22:00', '0'),
('Songshan Store', '62359', '2023-06-19 22:00', '1'),
('Songshan Store', '37192', '2023-06-19 22:00', '0'),
('Songshan Store', '28649', '2023-06-19 22:00', '0'),
('Songshan Store', '53928', '2023-06-19 22:00', '0'),
('Songshan Store', '98745', '2023-06-19 22:00', '0'),
('Songshan Store', '78541', '2023-06-19 22:00', '0'),
('Shinkuchan Store', '53927', '2023-06-17 21:00', '2'),
('Shinkuchan Store', '75326', '2023-06-17 21:00', '0'),
('Shinkuchan Store', '94218', '2023-06-17 21:00', '0'),
('Shinkuchan Store', '21984', '2023-06-17 21:00', '0'),
('Shinkuchan Store', '49872', '2023-06-17 21:00', '0'),
('Shinkuchan Store', '62359', '2023-06-17 21:00', '0'),
('Shinkuchan Store', '37192', '2023-06-17 21:00', '5'),
('Shinkuchan Store', '28649', '2023-06-17 21:00', '1'),
('Shinkuchan Store', '53928', '2023-06-17 21:00', '0'),
('Shinkuchan Store', '98745', '2023-06-17 21:00', '0'),
('Shinkuchan Store', '78541', '2023-06-17 21:00', '3'),
('Shinkuchan Store', '53927', '2023-06-18 21:00', '0'),
('Shinkuchan Store', '75326', '2023-06-18 21:00', '1'),
('Shinkuchan Store', '94218', '2023-06-18 21:00', '0'),
('Shinkuchan Store', '21984', '2023-06-18 21:00', '0'),
('Shinkuchan Store', '49872', '2023-06-18 21:00', '2'),
('Shinkuchan Store', '62359', '2023-06-18 21:00', '0'),
('Shinkuchan Store', '37192', '2023-06-18 21:00', '1'),
('Shinkuchan Store', '28649', '2023-06-18 21:00', '0'),
('Shinkuchan Store', '53928', '2023-06-18 21:00', '0'),
('Shinkuchan Store', '98745', '2023-06-18 21:00', '0'),
('Shinkuchan Store', '78541', '2023-06-18 21:00', '0'),
('Shinkuchan Store', '53927', '2023-06-19 21:00', '0'),
('Shinkuchan Store', '75326', '2023-06-19 21:00', '1'),
('Shinkuchan Store', '94218', '2023-06-19 21:00', '0'),
('Shinkuchan Store', '21984', '2023-06-19 21:00', '0'),
('Shinkuchan Store', '49872', '2023-06-19 21:00', '0'),
('Shinkuchan Store', '62359', '2023-06-19 21:00', '1'),
('Shinkuchan Store', '37192', '2023-06-19 21:00', '0'),
('Shinkuchan Store', '28649', '2023-06-19 21:00', '3'),
('Shinkuchan Store', '53928', '2023-06-19 21:00', '0'),
('Shinkuchan Store', '98745', '2023-06-19 21:00', '0'),
('Shinkuchan Store', '78541', '2023-06-19 21:00', '2'),
('Nandu Store', '53927', '2023-06-17 20:00', '2'),
('Nandu Store', '75326', '2023-06-17 20:00', '0'),
('Nandu Store', '94218', '2023-06-17 20:00', '0'),
('Nandu Store', '21984', '2023-06-17 20:00', '0'),
('Nandu Store', '49872', '2023-06-17 20:00', '0'),
('Nandu Store', '62359', '2023-06-17 20:00', '0'),
('Nandu Store', '37192', '2023-06-17 20:00', '5'),
('Nandu Store', '28649', '2023-06-17 20:00', '1'),
('Nandu Store', '53928', '2023-06-17 20:00', '0'),
('Nandu Store', '98745', '2023-06-17 20:00', '0'),
('Nandu Store', '78541', '2023-06-17 20:00', '3'),
('Nandu Store', '53927', '2023-06-18 20:00', '0'),
('Nandu Store', '75326', '2023-06-18 20:00', '1'),
('Nandu Store', '94218', '2023-06-18 20:00', '0'),
('Nandu Store', '21984', '2023-06-18 20:00', '0'),
('Nandu Store', '49872', '2023-06-18 20:00', '1'),
('Nandu Store', '62359', '2023-06-18 20:00', '2'),
('Nandu Store', '37192', '2023-06-18 20:00', '0'),
('Nandu Store', '28649', '2023-06-18 20:00', '1'),
('Nandu Store', '53928', '2023-06-18 20:00', '0'),
('Nandu Store', '98745', '2023-06-18 20:00', '0'),
('Nandu Store', '78541', '2023-06-18 20:00', '1'),
('Nandu Store', '53927', '2023-06-19 20:00', '2'),
('Nandu Store', '75326', '2023-06-19 20:00', '0'),
('Nandu Store', '94218', '2023-06-19 20:00', '0'),
('Nandu Store', '21984', '2023-06-19 20:00', '0'),
('Nandu Store', '49872', '2023-06-19 20:00', '1'),
('Nandu Store', '62359', '2023-06-19 20:00', '0'),
('Nandu Store', '37192', '2023-06-19 20:00', '0'),
('Nandu Store', '28649', '2023-06-19 20:00', '0'),
('Nandu Store', '53928', '2023-06-19 20:00', '1'),
('Nandu Store', '98745', '2023-06-19 20:00', '1'),
('Nandu Store', '78541', '2023-06-19 20:00', '2'),
('Zhongxing Store', '53927', '2023-06-17 19:00', '0'),
('Zhongxing Store', '75326', '2023-06-17 19:00', '0'),
('Zhongxing Store', '94218', '2023-06-17 19:00', '1'),
('Zhongxing Store', '21984', '2023-06-17 19:00', '0'),
('Zhongxing Store', '49872', '2023-06-17 19:00', '0'),
('Zhongxing Store', '62359', '2023-06-17 19:00', '6'),
('Zhongxing Store', '37192', '2023-06-17 19:00', '0'),
('Zhongxing Store', '28649', '2023-06-17 19:00', '0'),
('Zhongxing Store', '53928', '2023-06-17 19:00', '0'),
('Zhongxing Store', '98745', '2023-06-17 19:00', '1'),
('Zhongxing Store', '78541', '2023-06-17 19:00', '2'),
('Zhongxing Store', '53927', '2023-06-18 19:00', '1'),
('Zhongxing Store', '75326', '2023-06-18 19:00', '0'),
('Zhongxing Store', '94218', '2023-06-18 19:00', '0'),
('Zhongxing Store', '21984', '2023-06-18 19:00', '0'),
('Zhongxing Store', '49872', '2023-06-18 19:00', '0'),
('Zhongxing Store', '62359', '2023-06-18 19:00', '0'),
('Zhongxing Store', '37192', '2023-06-18 19:00', '1'),
('Zhongxing Store', '28649', '2023-06-18 19:00', '3'),
('Zhongxing Store', '53928', '2023-06-18 19:00', '2'),
('Zhongxing Store', '98745', '2023-06-18 19:00', '0'),
('Zhongxing Store', '78541', '2023-06-18 19:00', '1'),
('Zhongxing Store', '53927', '2023-06-19 19:00', '0'),
('Zhongxing Store', '75326', '2023-06-19 19:00', '0'),
('Zhongxing Store', '94218', '2023-06-19 19:00', '3'),
('Zhongxing Store', '21984', '2023-06-19 19:00', '0'),
('Zhongxing Store', '49872', '2023-06-19 19:00', '0'),
('Zhongxing Store', '62359', '2023-06-19 19:00', '1'),
('Zhongxing Store', '37192', '2023-06-19 19:00', '0'),
('Zhongxing Store', '28649', '2023-06-19 19:00', '0'),
('Zhongxing Store', '53928', '2023-06-19 19:00', '1'),
('Zhongxing Store', '98745', '2023-06-19 19:00', '0'),
('Zhongxing Store', '78541', '2023-06-19 19:00', '2');
insert into review values
('0933558162', 'Zhongxiao Store', '5', 'Their service is really fast! The bread is delicious too.'),
('0933558162', 'Daan Store', '5', 'French bread seems to come from Paris, making me feel like I am on the
streets of Paris.'),
('0987654321', 'Zhongxing Store', '4', 'Grape bread is like a summer vineyard, it tastes fresh and
refreshing.'),
('0944667788', 'Shinkuchan Store', '2', 'The sweetness of butter bread is too high'),
('0932112233', 'Zhongxing Store', '5', 'The soufflé bread is crispy and delicious.'),
('0911223344', 'Nandu Store', '2', 'The pineapple bread has a good balance of sweet and sour taste.'),
('0934667768', 'Shinkuchan Store', '0', 'The red bean flavor of the red bean bread is not strong enough, I
am a little disappointed.'),
('0923558899', 'Nandu Store', '4', 'The cheese taste of the cheese bread is very prominent and very
delicious.'),
('0955336611', 'Daan Store', '4', 'Every time I visit the bakery, I feel like coming home, warm and
comfortable.'),
('0955336611', 'Zhongxiao Store', '1', 'The sweet and sour taste of cranberry bread is not balanced enough,
I personally dont like it.'),
('0955336611', 'Xinyi Store', '5', 'The bakerys service is very attentive and makes people feel at home.'),
('0912445566', 'Daan Store', '3', 'The price of bread is a bit high, but the quality is good.'),
('0912445566', 'Xinyi Store', '4', 'The environment in the store is comfortable and spacious, with a good
atmosphere, very suitable for parties.'),
('0912445566', 'Zhongxiao Store', '0', 'The bread was a little sour after opening, and there was no apology
when I called.');
insert into frequently_used_store values
('0933558162', 'Zhongxiao Store'),
('0987654321', 'Zhongxing Store'),
('0944667788', 'Shinkuchan Store'),
('0932112233', 'Zhongxing Store'),
('0955778899', 'Zhongxing Store'),
('0911223344', 'Nandu Store'),
('0934667768', 'Shinkuchan Store'),
('0923558899', 'Nandu Store'),
('0955336611', 'Zhongxiao Store'),
('0955336611', 'Xinyi Store'),
('0912445566', 'Daan Store');